Unsaturation,DGAT-ALI,DGAT-Lipid
0,0.0,0.06367807249353144
1,0.0,-0.08584890788580189
2,0.0,-0.061734914244632594
>=3,0.0,0.14220326084877616
