Unsaturation,CAS9,CAV
0,0.0,0.08766273542963339
1,0.0,0.4186777219661016
2,0.0,-1.6674673936904134
>=3,0.0,0.7564777563210136
